rating,review_text,review_len,churn_risk
5,good bank but kept trying to change my current account to a business account at 77 years old why do i want a business account tried many ways to contact but messages kept saying fill in to start a business account i was very happy till then account now closed,259,0
5,"great, easy to use.",19,0
5,good,4,0
5,"i think it's a really handy app to have, i was struggling to get used to it at first as it's my first time but i've got the hang of it and i've not had any problems with it so far",179,0
1,i was doing an order before midnight to avoid the weekend fee just to find out that weekend begins at 11 pm on friday. huge scam. i also sent a referral and the friend used it but before it was confirmed it said due deadline...,227,1
4,a refreshing way of bankers working for the customer,52,0
5,works fast and perfect.,23,0
1,awful neobank. got banned from using their services without knowing their reasons. awful customer support .,107,1
5,very good,9,0
5,"so easy. so innovative. they got me when i just wanted a disposable credit card. but now after 8 years they do everything for me. i tried trading and crypto, and they're awesome at it, but nowadays i just like that i can rely on them 247. punto",244,0
5,good app,8,0
4,"my compliments,",15,0
5,"good app, they had some bugs but support were able to fix it up, does it's job well",83,0
5,"i got a new phone and pay virgin media but they gave me a new chip and pin number with my old one , i can't remember my new pin number if i try again n i'll be blocked, i have my pin um i have years now",202,0
5,the future is now. super good banking app.,42,0
5,everything you need in one place.... brilliant,46,0
5,everything going smooth with revolut 5*,39,0
4,more convenient access to view my account and easier to split bills for less than the bank of ireland account i was using. subtracting a star because they changed something and now the suggested people to split a bill with doesn't include the people i mostly split bills with.,276,0
1,"barely usable. expect to have your account restricted and frozen every other transaction, for no obvious reasons. app starts requesting personal financial documents and overstepping boundaries. support is near useless, any proper support is not reachable.",255,1
2,"revolut app is crashing, especially when you tap the invest button.",67,1
5,great product,13,0
5,best,4,0
5,great very handy,16,0
5,at the moment it's the best!,28,0
2,took me 100 attempts to pass verification. why do i need to go through this painful verification process again on a new device in the first place ?,147,1
5,wonderful🙏,10,0
5,excellent banking app,21,0
5,brilliant and easy!!,20,0
1,been trying for an hour to download my id keeps saying no internet what a load of tripe im writing this whilst connected to the same internet...ive installed it cleared cache but nothing il try a different card waste of my time,227,1
4,working fine me now.,20,0
5,excellent all round,19,0
5,very good so far,16,0
5,convenience without humiliation,31,0
5,best banking app ever !!!,25,0
5,great,5,0
5,10/10 fr,8,0
5,great,5,0
5,was amazing while i had a visit to the usa,42,0
1,"typically 5 stars but lately it's been incredibly laggy, slow and crashing after a short usage. especially on the stocks and investments pages. once this is fixed i'll bring it back up to 5 stars, but right now the performance and bugs are unacceptable. if anyone from revolut sees this i'm happy to share version number, my phone os and android details. this needs to be fixed. only the last month it's been like this - expected it to be patched by now.",454,1
5,it's good. works in singapore well.,35,0
5,nice service,12,0
2,lower tier plans loose their value with time. revolut downgrades their benefits.,80,1
5,been using it for 7 months now and i havent encountered anything disappointing.,79,0
5,works perfect,13,0
5,best banking app in terms of user interface,43,0
4,"fast transactions, so far good. got to be careful what addons or settings u pick, might add some fees",101,0
5,"super cool and smooth approach to manage money for donations, small payments, or travel currency. no need to use western union or moneygram or spend time going through banking validation to pay a friend a few quid. app is robust and flawless, so easy to use whether at home or on the move",288,0
5,very fast and gives great features to quick transactions between people,71,0
5,great for luxury payments rather than using your personal bank cards. also great for euros exchange,99,0
5,nice working app.,17,0
5,great app to use for banking. i'd recommend it to any of my friends if they're asking about opening a new bank account,118,0
5,"by the moment, no problems, i have just a week hahaha i'll come back in the 2nd mounth",86,0
5,"easy to use, safe and customer service quick and helpful",56,0
5,excelent. îl recomand cu încredere.,35,0
5,"i don't use a lot of the advanced features but it's a great app for basic day to day , savings or budgeting. in app chat, helpful and prompt customer service. group pockets and much more! customized debit cards too. love u guys",227,0
5,all good so far,15,0
5,amazing not one problem with it,31,0
1,not very good tried signing up said i already had an account but lacked in resolving the situation and closed the account it let me open disappointed,149,1
5,good,4,0
5,"brilliant, quick and easy",25,0
5,"i was quite skeptical joining revolut at a friend's invitation but have been pleasently surprised. the app ui is adequate, but exploring the functionality is what has been truly surprising: the fund movements are immediate, the options to invest and save are friendly and highly competitive, and if you can run the numbers to see if joining a premium plan is worth it for you. keep it up, revolut.",397,0
5,"great and super convenient for international use. i often travel with my revolut and monzo card. some places only support visa or mastercard so i always have both with me to use abroad, avoid fees and for transferring funds amongst groups etc.",243,0
5,nice,4,0
5,excellent app and bank,22,0
5,helpful,7,0
5,nice,4,0
5,easy to use,11,0
5,very good,9,0
5,"love this app, safe and practical",33,0
5,"works really well, easy use.",28,0
5,great app,9,0
5,all good. :),12,0
4,it provides a great service to this point. the only issue is the new fees introduced and customer service not keeping their word for especially when you were scammed and money was lost! it would be great to do further investigation and check where my money went to! many thanks,277,0
5,very good 👍,11,0
5,great for money transfers and little or no charged,50,0
5,best finances app design ever,29,0
5,porque yes,10,0
5,great!,6,0
5,"i've been using revolut for many years and i am extremely happy about it. it never stops surprising me with all the features they provide, the support and the friendly interface they have. i recommended it to all my friends, many of them using it already! keep up the good work!",278,0
5,awesome! can't imagine beeing forced to use traditional banks now ;],68,0
5,good exchange rate,18,0
5,wish i got it sooner!,21,0
5,"like it, easy",13,0
5,very nice and helpful application.,34,0
5,i love the app,14,0
5,the best online bank,20,0
5,easy to use and layout is very clear,36,0
5,best bank app. so easy to use,29,0
5,unbelievably pleased with the whole infrastructure,50,0
5,😍😍😍,3,0
5,so easy and convenient to use,29,0
5,it' very fast and easy to use,29,0
3,its good,8,0
5,"works well, can fill the account with minimum of 10 eur, love the temp card system even though some vendors detect it and denies, other doesn't.",144,0
5,has good exchange rates for currencies,38,0
5,excellent service,17,0
5,simply great!,13,0
5,fabulous!,9,0
5,revolut is very good to use. very good to use abroad.,53,0
5,excellent,9,0
5,very easy to use at home and abroad,35,0
5,best app ever very quick and secure love it,43,0
5,"man simple and good, no hidden fees...perfect for expenses account",66,0
5,friendly user,13,0
5,superb,6,0
1,"i use 7 banking apps in total. this is the only one that does not work at all. crashes all the time without play services, which is unnecessary in order to have robust security features.",186,1
5,best banking app on the market.,31,0
4,easy ...,8,0
5,easy to use in other country. love the app.,43,0
5,best apo,8,0
5,all good,8,0
5,amazing app and really satisfied with the support team 😀 (thankfully i only needed them once but nevertheless they handled my case exceptionally!),146,0
5,i am happy with the ease of use and convenience. i am a late adopter so i didn't opt for revolut for a long time but eventually i got hooked.,141,0
5,great app,9,0
5,"great banking experience, without a doubt the best travel card option and a great value esim as well. the app is also great and puts the big banks to shame!",156,0
5,great app,9,0
5,really good and easy to use. had zero issues with setting up an account and totally worth using,95,0
5,easy to use!,12,0
1,"after updating it, the app crashes everytime i open it. it doesn't work for me anymore",86,1
5,greta app,9,0
5,very nice banking app,21,0
5,"excellent services, wherever i am in the world.",47,0
1,got account with them got scammed off 120 cant speak to anyone cant upload the evidence and speak to bots im still waiting week on and they are telling me can be upto 45 day befor they reach decision or maybe and big maybe i get the money back pls dont use this bank awful service and for the reply i've just got the in app are like a waste off time cos spoke to over 10 people about this and uve asked me to go to facebook and pm u and you don't accept pm messages your such joke off bank disgusting,500,1
1,horrible account creation...unable to go back and correct mistake plus could not get out of account creation to start over.,123,1
5,worth it,8,0
5,works well.,11,0
5,good,4,0
5,easy and good 😊,15,0
5,excellent,9,0
1,"after confirming a mbway purchase inside the app, the app keeps forcely auto-opening the mbway interface everytime it's opened, and when you use the arrow to go back to the main screen, it auto-opens the second after, thus making the app currently unusable. the issue stopped. it seems it lasts during the 5 minutes of waiting for approval of mbway (despite the purchase been already approved).",394,1
5,very useful 👌🏾,14,0
5,convenience at its best,23,0
5,app stoped to work after an update. my phone is rooted and it will stay that way. please update your application to support rooted phones also.,143,0
5,easy to use,11,0
5,best banking app helping me make money,38,0
5,ideal and super user friendly app,33,0
2,"i referred a friend to revolut because there was a promotion promising a €60 reward. unfortunately, i did not receive anything. after 10 days, we were informed that the reward was no longer valid because my friend did not complete three purchases in time. the time period was very short and not clearly explained. there was no obvious information about this requirement when i made the referral. he also paid €10 for the card, which ended up being useless since the reward was not granted.",489,1
5,"so far and for more than 10 years already, the financial app that worked perfectly for me, especially while traveling but also for certain currency exchanges and other operations. good, friendly, reliable, nice!",211,0
5,it's so easy and so quick. i love it.,37,0
5,very safe transactions and quick to learn app,45,0
5,fiat currency (eur) is still here and revolut is the best way i know to handle it. thanks!,90,0
5,exceptional,11,0
5,great so far.,13,0
4,"i mean its good enough, it does what its adevrtised for and it looks slick, but let me get an ai that attempts to determine what would be wise to invest in and we all get a lot of money",185,0
5,fantastic online banking. simple to use with many great features. get revolut today!,84,0
5,a good servics,14,0
5,"i’ve been using revolut and it’s been great. the app is easy to use, transfers are instant, and the exchange rates are very good. everything is clear and convenient. highly recommended!",185,0
5,verry nice 👍,12,0
5,very good,9,0
4,very good app,13,0
5,🤑,1,0
5,👍,1,0
5,very handy,10,0
5,it's easy service,17,0
5,so handy especially with teenagers and keeping track of my money,64,0
5,"very handy, transferring money is very easy with a lot of options and currencies. had a issue with one purchase and the dispute was handled very fast on revoluts end.",166,0
5,"cool interfaces, quick and easy to use",38,0
5,👍,1,0
2,some of these apps make it so complicated to cancel my subscription and for them to refund my first payment of $9.99,116,1
5,very good app,13,0
5,"very convenient app. all accounts, professional, savings, trading & crypto all on one handy application. 👍",106,0
5,excellent app,13,0
5,good,4,0
5,"easy to use, faster transfer and the only card i will use on holiday",68,0
5,easy for travel,15,0
5,perfect for all kind of uses. excellent support when needed!,60,0
1,they closed my acc for no reason.,33,1
5,"as a college student who uses revolut to save money on the side, it is very helpful as i cant manage my spending at all.",120,0
5,great service!,14,0
5,just staring off still nervous 💗 will keep trying to get better,63,0
5,very handy app,14,0
5,amazing,7,0
1,stop spamming me with notifications,35,1
5,this app is too much much good every month i send money this app bravo 👏,72,0
1,an abosulte joke of a bank. deposited money into a new account i set up. then tried to take money out and they wouldnt let me. cant speak to anyone in person and just end up speaking to a robot or agent with set answers to give out. they are currently holding a large some of money in a restricted account that i have no access too. i cannot use the money which i urgently need.,378,1
5,great way to get into trading with just a few pounds. go on have a dabble x,75,0
5,best bank,9,0
5,easy to use and love all the personalisations,45,0
5,mantap,6,0
5,perfect,7,0
5,i like revolut👍,15,0
5,best of the best,16,0
5,best international app for everybody and everything,51,0
1,not working properly,20,1
5,brilliant banking app,21,0
5,the best out there,18,0
5,"using revolut (metal) for like 3 years now. the best and easy to use bank i ever had, as i travel alot. had some little issues here and there (who doesnt?!), but the support always managed the problem very well and fast. very happy with them !",243,0
5,"i love it, i would suggest adding a budget calculator to your app similar to caltape , it would make revolut even more usable",125,0
5,very good 👍,11,0
5,very happu,10,0
5,"i recommend to all , specific to credit card usage.... best from the rest",73,0
5,very convenient in every way,28,0
5,je me suis créé un compte pour voyager à l'étranger et bien m'en a coûté. le compte premium me permet de ne pas stresser avec les cartes sim quand j'arrive dans un nouveau pays et pour retirer de l'argent sans frais c'est bien pratique aussi!,242,0
5,"excellent for saving and transferring money, very user-friendly 👏",65,0
5,all good,8,0
5,best app to send money,22,0
1,"a real bank is about silence and solidity. revolut is not a bank, but a bunch of neurotics.",91,1
5,amazing,7,0
5,very good experience,20,0
5,pretty much what you need to manage your money in today's world,63,0
5,good service,12,0
5,works well. haven't encountered bugs or any inconveniences yet.,63,0
5,"great for travel 👍, used for both periods of up to 6 months abroad and for shorter periods of travel as well. can pre covert currencies so you don't get an exchange mark up at the weekend. always selected to pay in euros when your in europe on the card machines.",262,0
5,so easy to use. brilliant when travelling abroad.,49,0
5,easy to use 👌👌,14,0
5,very happy with this service,28,0
5,"love using it, so handy.",24,0
4,is nice,7,0
5,ok😎🙏,4,0
5,safe easy reliable. gives me peace of mind.,43,0
5,very convenient. i satisfied functions this app provided.,57,0
5,my favourite bank. i recommend it. ❤️,37,0
5,very good app for setting aside different pockets for saving for different items u would like or different funds. very happy with it.,133,0
5,makes life much easier plus i like revpoints,44,0
5,"does everything i need it to, great app",39,0
5,great,5,0
4,easy to use,11,0
5,app could be more intuitive,27,0
5,its good and helpful,20,0
5,absolutely excellent bank loved them and have since i joined.. always someone there in 24/7 chat for help a truly reliable bank since i joined in back in 2022 💪🏼❤️,163,0
5,excellent,9,0
5,excellent thank u,17,0
5,happy so far,12,0
1,do not get 🚷🚷🚷,14,1
5,"using it been a years, and i am very satisfied.",47,0
5,excellent app! (as of february 2026),36,0
4,great banking app,17,0
5,best app for transferring money. the kids cards are great too and easy to manage.,81,0
5,i like it,9,0
1,one word terrible,17,1
4,very good,9,0
5,marvellous and fair.,20,0
5,"używam revolut od lat i jestem z niego bardzo zadowolony, karta za granicą nigdy mnie nie zawiodła, rewelacyjne kursy wymiany walut",131,0
5,a very good well thoutht out banking app. better than most and good support available if needed.,96,0
5,so far so good easy for money transfers,39,0
5,"revolute makes my life so easy, especially when i am abroad, i am not scared of using the card because of the market exchange rate. i transfer all my wages into my revolute account and use it everyday without any charges.",221,0
5,que gran diseño de interfaz,27,0
5,good,4,0
5,very helpful.,13,0
5,easy to use world-wide availability,35,0
5,great banking app,17,0
5,"revolut is brilliant, so convenient. i love it.",47,0
5,"excellent app, works like magic 👌",33,0
5,refunded something that is impossible to refund! strongly recommend!,68,0
5,best app for ever i using it everyday very easy and convenient,62,0
5,"revolut makes managing money extremely convenient. transfers are fast, the exchange rates are great, and the budgeting tools help me track my spending easily. the card works smoothly, and the app interface is clean and intuitive. one of the best modern financial apps!",268,0
5,effective exchange. account in every country of given currency! very useful for traveling or international transfers,116,0
5,good 1pplication with as i expect,33,0
1,very rigid customer service and no customer care,48,1
5,espero que seja um bom cartão 💳,31,0
5,it's amazing and very comfortable,33,0
5,easy to use,11,0
5,the best banking anytime,24,0
4,"love it! it's the best. always worked nationally and internationally. edit: i have to change my review from 5 stars to 3 stars because it gave me a big headache when trying to pay for my mobile service. the internet was really slow and i needed to pay asap to upgrade the speed, but that's when revolut decided it's time for an update. it simply wouldn't work unless i updated the app. there were no previous warnings about needing to update. it was a really bad time to stop working (took 1h update)",500,0
5,👍,1,0
5,great bank,10,0
4,i haven't received my card yet.,31,0
1,bad,3,1
5,it makes your day to day banking so easy.,41,0
1,"після припинення роботи revolut в україні, фактично опинився без вибору щодо своєї криптовалюти. виведення на зовнішній гаманець недоступно, тому довелося продавати активи всередині платформи — у невигідний момент і з повними комісіями. при цьому в інших країнах функція виведення працює. дуже неприємно усвідомлювати, що можливість вільно розпоряджатися власними коштами залежить від країни проживання. після такого досвіду довіру втрачено. вкрай не рекомендую.",462,1
4,so handy...😊,12,0
5,revolut brings together an easy accessible banking application with a really nice user friendly interface. it brings together investing banking and saving and education into one easy to use application. i absolutely l9ve it. and can't wait to use it in the philippines next month.,280,0
5,the best baking system in the world 🌎,37,0
5,secure and convenient,21,0
5,"up 2026. use it since 2020. it is the best. it covers so many tasks regarding personal finances. send money even to iban, watch spends, split bills, receive and control kids debit card, try micro and macro investments, and much more. and it is so easy!",252,0
4,"takes a little bit long with confirmation of non conventional and conventional travel documents, must expand their database to include refugees and stateless people as well.",173,0
5,easy,4,0
5,"very fast, perfect for my needs, works abroad, good assistance in case of need",78,0
4,dev's please add a feature to delete friends and be able to delete them in the payments list,92,0
1,"can't sign up in canada doesn't accept postal code, it thinks i am in the uk. no vpn on my side, so it is faulty app. after reinstall and data delete it continues from address",175,1
5,smooth experience,17,0
5,"great app, hassle free.",23,0
5,mi dinero crece gracias al interés compuesto😁,45,0
5,"excellent, very helpful",23,0
5,"i got this app as a transition bank while i emigrated to the netherlands. it has been really helpful with that, to the extent that, at the moment, i don't see any need to open a local bank account. online assistance is quick (and works). there are nice easy investment options. you can also link kids accounts with the paid versions. an interest bearing savings account option would be good, but in general this does everything i need. update. interest bearing accounts sorted",476,0
5,amazing,7,0
5,"love this app, better improvement.",34,0
5,very convenient 👌,17,0
5,major functions are not working and the app is frequently crashing. since the new updates the app has a lot of bugs.,116,0
5,very handy,10,0
5,very good app,13,0
5,very fast and reliable i love it,32,0
5,"i'm very happy with revolut, ads i'm not too interested in.",59,0
5,"its much easier than other banks in germany, specially for international visitors, you may not believe how much challenging is working with banks in germany without english support",180,0
1,they steal your money.,22,1
5,great app,9,0
1,"it does what it has to, but has annoying features e.g: haptic idiotism; sounds and vibration cannot be turned off, that could be very frustrating. ... became total useless after recent upgrade. now they force you to add lock screen or other security feature even when you have to type several times your revolut passcode when using the app. now you can choose, you use the revolut app or your phone how you prefer. total unintelligible. need to find more reasonable fintech provider.",483,1
5,excellent bank account,22,0
5,best banking service ever,25,0
5,good,4,0
5,perfect for everyday transactions.,34,0
5,great and user friendly application,35,0
5,good 👍👍 experience,18,0
5,it's good,9,0
4,"very good, safe and fast, easy to access my money any time anywhere safely.",75,0
5,best card to hold foreign currency,34,0
5,"very easy to set up and use. simple to transfer money in and out. any purchases are almost immediately notified to my phone. lost cards are easy to notify and cancel, and arrange for replacements. great to use abroad and much cheaper than ordering foreign currency. my current savings rate admittedly a special deal is really good, and the interest can be seen being added daily.",379,0
4,brilliant app,13,0
5,very good,9,0
5,excellent international banking transactions recommended for the public.,72,0
5,i just live it.,15,0
5,works 👍,7,0
5,so far so gooooooooooood,24,0
5,top app. cannot say something negative...,41,0
5,"it's quite easy to use, love it 🌹🌹🌹",35,0
5,"great simple to use service, perfect for everyday use and while travelling.",75,0
5,awesome,7,0
5,"very good banking app. simple and easy to use, very secure",58,0
5,good,4,0
5,very easy to use.,17,0
5,good,4,0
5,excellent,9,0
5,great app !,11,0
4,great:)),8,0
5,wonderful,9,0
5,"just brilliant. and week by week, it keeps getting brillianter... ;)",68,0
5,"absolutely amazing awesome quality bank. they are so amazing. can answer any questions. plus you can do absolutely anything, stocks and shares, gold, crypto, you name it this bank can do it. absolutely 💯 % amazing 👏",215,0
5,revolut has given the other banks a wake up call. the app just works ... and brilliantly.,89,0
5,super,5,0
4,by far the best banking app out there so quick and easy to use dropped one star because it can be hard to contact them if you have any issues,141,0
5,very good,9,0
5,amazing banking experience!,27,0
5,great app,9,0
5,it's just awesome and perfect,29,0
5,using it everyday!! one single use cards are the best for random online shopping!,81,0
5,geat,4,0
5,great,5,0
4,"i have installed this trainwreck of an application because peer pressure. for the first couple of years i hated it, but it got a lot better over time. since a while i haven't seen any major ui option reschuffling, which is a huge plus.",235,0
5,very useful 👌,13,0
5,this brilliant app is all you need when travelling. the exchange rate is better than the big banks and cards.,109,0
5,"edit 5 years later: just love this app! everything works great. it works generally very well. when i started, it had some glitches when a card wouldn't work or i'd be charged twice for a transaction but this for fixed quickly. i gave 4* only because they keep raising and raising their fees...",293,0
5,"it's the best banking app i've ever had, works perfectly, nothing but a great experience. everything is easy and super useful.",126,0
5,whilst travelling revolut is the best way to transfer money between friends. additionally their data only esim is reasonably priced and has been working great for me in portugal.,178,0
5,fantastic app and fantastic banking. use this more than normal bank account. great for holidays no need for organising euro or international money before you go.,161,0
5,very good banking app,21,0
3,good app but frustrating that i can't see my revolut credit card and personal account spending in a combined analytics view. i have to look at each individually which is annoying for budgeting. i may end up cancelling the credit card so all spending is back in the one place.,275,0
5,brilliant app. whether you're travelling or just using it locally it is so easy to use.,87,0
5,lovely,6,0
1,"sa nu va puna nimeni sa incercati trade prin revolut, este extrem de prost optimizat. nu ma ajuta cu nimic revolut, am banii blocati pe un order pentru un stock care este acum sale only si ei mi-au zis ca o sa dureze minim 2 zile...nu ai cum sa faci asta, deci te folosesti de banii cuiva si ii tii blocati pana cand iti termini treaba cu ei si dupa le zici ca nu s-a putut face nimic. daca se intampla la 100000 de oameni asta intr-o luna, uite milionul de euro minim cum se invarte. revolut",492,1
5,"just blocked gme buys, screw you revolut",40,0
5,ok,2,0
5,fiddly to setup but easy to use after that. still easier than going to a bank to open an account tho,100,0
5,"recién comienza mi experiencia pero, hasta el momento es todo muy claro e intuitivo.",84,0
5,"easy, convebient :)",19,0
5,user friendly application,25,0
5,good,4,0
5,quik and simple,15,0
5,good,4,0
5,amazing.,8,0
5,good,4,0
3,"prasidėjo mokesčiai už international persiuntimus. jei užsisakote nors ir minimalų planą, jo atšaukimas ~20 eur. buvo neblogas bankas, tačiau pradėjo kristi.",157,0
5,sofar it's been amazing,23,0
5,it has a lot of options for saving even something called pocked change where it moves small money from your account and holds in in something called pocked where you can take at anytime. for me i forgot about this and lost my job and finding this was amazing help.. also there is a lot more,290,0
4,like it. just need to work on your speed where outgoing and ingoing transactions are concerned. other than that. all good here,126,0
4,really good,11,0
4,i have been recommending revolut to friends and family because of good exchange rates and fees compared to banks and the convenience especially when you travel to other countries. you no longer worry about buying the currency before you leave.,243,0
1,un año sin ser aceptado para cuenta bancaria,44,1
5,i seize the moment when needed!,31,0
1,i thought i signed up for a fee free account then was told differently ?,72,1
5,revolut is the best 👌,21,0
5,works well,10,0
5,legit👍,6,0
5,pretty flawless so far.,23,0
5,best banking experience i ever had.,35,0
5,best online banking application i have ever used,48,0
5,using it for over 5 years now. best bank ever!,46,0
5,very good app,13,0
3,"easy to use, verification and confirmation are in a good way",60,0
5,this app has been very good for traveling.,42,0
5,i'm not too savvy when it comes to it but revolut seems easy to navigate,72,0
5,"really convenient. splitting the bill, sending money to anyone around the globe effortlessly. but be careful with the commission fees on the weekends!",150,0
5,superb,6,0
5,good,4,0
1,the worest experience of my life,32,1
1,wondering why my top to my account is not going through,55,1
4,providing facilities to sri lanka stoped.. please provide it again...,69,0
5,using it all time to transfer money when in europe,50,0
5,great app 💯,11,0
5,the best banking methods by far.,32,0
5,so far so good,14,0
5,great,5,0
5,excellent,9,0
5,great app,9,0
5,the app works very well.,24,0
5,"gran app, muy fácil de usar",27,0
5,subrb,5,0
5,very easy and is very useful!,29,0
1,it is arriving and arriving every time when i search something. i never search this revolut but it's popping up. zero stars!,124,1
4,new user interface is really hard to use compared to the old one. [edit] app started crashing and became unusable!,114,0
5,brilliant and convenient,24,0
5,all is good,11,0
5,excellent,9,0
1,"continuing glitches, error on error, useless",44,1
1,"good for small amount shopping. when you try transfers however, their interface is confusing and our money may not reach the intended recipients. not yet to a decent level of service!",183,1
5,"easy and straightforward, love the loose change saving feature and makes sending and getting payments a dream.",110,0
5,i am using revolut for all my transactions. it is very good,59,0
5,best banking app,16,0
5,made my life easy,17,0
5,the best,8,0
5,this is a my favorite aap revold,32,0
5,great banking,13,0
4,"why did you rename ""transfer"" to ""move""? this is so confusing! change it back, please.",86,0
5,great app love it,17,0
5,is just perfect super easy 👌,28,0
5,"so far the app is working good i have had it for a few days. i will leave a more detailed report later, the only issue so far is the user interface is a bit confusing.",167,0
1,werkt heel slecht,17,1
5,🫱🏽‍🫲🏾👍🏽 i really enjoy using revolut,36,0
1,no longer able to deposit cash at shops.,40,1
1,"dubious way of extorting money from customer without clear terms and conditions. to make it worse, no open communication channels to resolve issues.",148,1
5,easy to use ones you know the app,33,0
5,easy money transfering between friends and family,49,0
5,good,4,0
5,the best decision i ever made was having an account with revolut,64,0
5,really good,11,0
2,"moving currency exchange to ""move"" is the worst thing that could happen. it is extremely likely, people will move money to pockets instead of exchanging usable money. especially, that the default destination is a pocket...",222,1
5,it is really serious company.,29,0
1,i used to be metal user and liked everything what cane with it. one day i've decided to try ultra. i didn't get the value for the money that i wanted. so i tried to downgrade back to metal. fee was 60eur - so in the end i downgrated to basic and uninstalled this app. revolut what happened to you? you used to be the best on the market.,336,1
5,instant transfers and easy to use. love how simple it is.,57,0
4,very easy to use 👌,18,0
5,excellent,9,0
5,best banking application i have ever used.,42,0
1,"im stuck in a extremely annoying loop. i'm a student, so i don't have a tax number. but every time i open the app it asks me for one. so i tried doing anything over the website, but im unable to login because to do so i need to accept via the app, which only wants my tax number and is unable to do anything else. then i started to get emails to finish my account. which was impossible. then i tried to unsubscribe from them but... i can't access my account so now they are landing in my spam folder.",500,1
4,great app,9,0
5,as a women of 66yrs it was so easy to set it up on my own without asking my kids to do it for me,96,0
4,very helpfull,13,0
5,easy to use.,12,0
5,it's smart,10,0
5,its brilliant,13,0
5,"very user friendly, easy to manage budget and family finances.",62,0
5,handy,5,0
5,"rugalmas, ingyen váltok, olcsóbb mint az általam ismert bankok",62,0
5,"extremely efficient, and customer support are very responsive",61,0
5,revolut is incredibly 😍 i really love it,40,0
5,very good,9,0
1,useless,7,1
5,amazing!!!!!,12,0
5,"love it, easy and fast transfer with no safety problems so far!",63,0
5,"чудовий додаток, зручний, та швидкий.",37,0
5,"i love revolut, makes my life simpler in these ever difficult times, thank you",78,0
5,i like it. its working good.,28,0
4,removal of the news tab under cryptocurrencies is an awful decision. edit: aaand its back!,90,0
5,amazing,7,0
4,good app,8,0
5,good job,8,0
5,"been using it for a few years, i highly recommend for others to try it.",71,0
1,buggy mess,10,1
4,good one.,9,0
4,"perfect for foreign trips, only downside high exchange rates from domestic to euro",82,0
3,"so far so good, a lot of different things you can do in this app",64,0
5,amazing fast secure,19,0
5,bast bank ever i used,21,0
5,brilliant banking app with superb functionality.,48,0
5,i like it 👌,11,0
5,works well for me in nz and her in ireland.,43,0
5,revolut is a modern and useful banking app. it helps manage money easily and safely. the app is simple and convenient to use.,125,0
5,very convenient,15,0
1,i'm so disappointed. all the services i've tried are 'coming soon' and a month later nothing has changed. why release a product is not even half finished?,154,1
5,"it works okay, but if you need customer service help be prepared for bots.",74,0
5,my favourite app. essential to me now.,38,0
1,"what's the point on having revolut if when i try to buy something online i get this...""looks like something went wrong. for your protection, this transaction has been declined. please try another card or other payment methods."" so basically i can't use my money from this account because revolut declines all my transactions....",328,1
5,loved it,8,0
5,thank you,9,0
5,best bank!,10,0
5,good,4,0
4,is very good exchange rates.,28,0
1,"app won't open after the latest update. uninstalled and downloaded again but still doesn't work. can't access my funds now, awesome!",132,1
4,"update: the support service was not able to do much, but once filling a complaint revolut was very quick to react and fix my situation. i still have some issues with international transfer but the account is working locally. revolut had been pleasant for years in the eu, but i moved to japan and switching to this version has been disastrous. the onboarding is broken and misleading.",384,0
5,brilliant,9,0
5,great system and easy to use,28,0
1,"drop forced lock screen requirement. won't use it because of this. no other banking ""requires"" a lock screen for ""high security""",128,1
5,good,4,0
5,everything you need and more. thank you,39,0
5,great app.,10,0
5,always working well,19,0
4,"limited use but looks good. however, will not use it for crypto as it's too expensive to buy through revolut",108,0
5,"great bank, everything's easy",29,0
1,i would never tell anyone to open an account with this bank,59,1
1,"revolut is not a bank. their support and complaint response are handled by level 1 technicians that do not have the minimum training or understanding of banking operations. revolut will route transactions through third parties, without admitting, and wash their hands in case of failure. their defense being that the money was sent hence not their problem. ignore their response to this post. the conplaint form goes to the same team so you just lose time for the same response. take legal action.",497,1
1,i got revolut metal. with it i got perplexity pro. everything worked fine for the first few months but at some point i no longer had perplexity pro. tried to redeem the code again through revolut metal but got a message that the code has been already redeemed.,260,1
5,"i love this app because of its reliability, conversation rate and speed.",72,0
5,very smooth algorithm no work necessary,39,0
5,perfect for my needs,20,0
5,i use revolut constantly now and i honestly couldn't live without it. the app is incredibly intuitive and has made managing my finances so much easier. i use it for everything—from daily spending to instant transfers. i've never had a single issue; it’s a game-changer for anyone wanting to ditch traditional banks. highly recommended!,335,0
5,"i love this app i've never had any issues, i use it home and away. well done revolut 👍",86,0
5,excellent app,13,0
5,great,5,0
5,faultless. puts our banks to shame.,35,0
5,funciona muito bem.,19,0
5,"looks like america express ,i love it,so classic",48,0
5,well so far it has helped me so much,36,0
5,i love how easy it is to control your spending.,47,0
5,easy to use,11,0
5,like it,7,0
5,easy way to transfer money specifically from one country to another,67,0
5,excellent apps,14,0
5,so far so good,14,0
5,i love it really,16,0
5,my favourite money app,22,0
5,very good,9,0
5,works every time in many countries.,35,0
5,good,4,0
5,love the app so handy for sending friends money instantly..,59,0
5,"we've been using revolut when travelling, and also to pay for services in other countries (while being in the uk). can't fault it. brilliant! good customer support as well (when i had a problem a while ago).",207,0
5,easy to use,11,0
5,i used my revolut account as a spending account. love how i can create different pots of money and link cards to them. no issues so far after 6 months of use.,158,0
5,still phone app is working great.,33,0
5,works great for me since years. no problems at all in daily life,64,0
5,everything works as it's supposed to work,41,0
5,ive been using it for a year now and so far i havent had issues. im enjoying the app and everything is very clear.,114,0
5,very good application,21,0
5,works perfectly. the costumer service is excellent,50,0
3,"приложението е твърде претенциозно. трудно работи с по-слаби устройства и принуждава потребителите да си губят времето в безполезни опити. ако не беше необходимо за част от работата ми, не бих го използвал. (2019) 7 години по-късно, мога да споделя значително по-приятно потребителско изживяване, но и може би защото съм с по-мощен смартфон. (2026)",348,0
1,first off. this doesn't support canada so i have no idea why its even on the google play sitte,94,1
5,"best bank app i’ve used — intuitive, with great insights into my spending. transfers and payments are always fast, and it’s completely free.",140,0
5,it's really helpful.im so grateful to have this kind of app.i highly recommend this app.,88,0
5,great,5,0
5,very simple new way of spending money,37,0
5,good,4,0
5,all good so far,15,0
1,useless support,15,1
5,"it's a good online bank, where it shines for me is currency exchange, specifically their rates. literally saved thousands of euros by exchanging money here instead of physical bank.",181,0
5,best in use,11,0
5,"fast and secure transactions , no ads and no dumb steps to get something going , gets stuff done very fast and secure 👍🏻✅",121,0
5,"fast, easy to work with the app and correct.",44,0
5,online banking is very convenient. very easy to convert money between different currencies. there's been lots of ui experience improvements recently too.,153,0
1,"so annoying camera (due to the app development, not my camera ), can't sign up, tried 10 times and camera times up or lags enough to make me sign up again",154,1
5,very good,9,0
5,то на топа,10,0
5,like it,7,0
4,very good app.,14,0
5,revolut is such an easy way to pay bills and transfer money to friends instantly. why do i have to wait 3 days with my old bank???,130,0
5,all good,8,0
5,excellent,9,0
1,if i receive one more request of personal information i am done with this account. it's unbelievable what a nuisance this app has become.,137,1
5,good support and fees!,22,0
1,"one star for face id, you are lucky i cannot use offensive language on google play, you leave no choice or alternative to sending my identify online. it is not secure and it is horrible and against my privacy rights.",216,1
5,"great app and bank, very useful especially for any international transactions and/or currency exchange within the app. lowest fees possible. and in case of the few issues i encountered, i was able to solve everything using the help option, either with ai or human assistant. my favourite bank and banking app!",309,0
5,great bank account. easy to use. sends money instantly to the recipient's account.,82,0
1,"my account was fully verified, and i even ordered a physical card because i was satisfied with the service. however, my account was suddenly need to be terminated due to what basically was a verification issue/ error on revoult's side. as a result, the fee i paid for physical card issuance was not refunded. this situation occurred though no fault of my own, yet i bear the financial loss. i expect better accountability instead of simply asking for my understanding.",468,1
5,very good app,13,0
5,extremely useful for traveling and buying goods online and transferring funds in sterling.,90,0
5,"my main bank for a few years now, works flawlessly in many countries",68,0
5,works well except paying money into your account. i often have cash i want to pay in,84,0
5,"no charges, and very handy for backup if you have no cash with you",66,0
5,great app. thank you revolut,28,0
5,excellent,9,0
5,very easy to use,16,0
5,excellent.... a fantastic service.. and now i use revolut.ramp to fund noncustodial wallet.. excellent service there too..,122,0
5,good service,12,0
5,"very smooth, solid app for banking",34,0
5,very good easy to use banking app,33,0
1,"after years of using revolut it suddenly blocked my account with no notice and stated that my funds must be withdrawn. they offered no explanation under any circumstances, stating that the account is not following their regulations. whatever their reason is, they should be able to explain it at least or give a notice.. anyway use it by all means, just as you might use paypal but don't rely on it as a bank! it's not a bank. it's incredibly unreliable.",454,1
5,easy to use .fast transfers .),30,0
5,very happy,10,0
5,love it so good for going abroad,32,0
5,amazing,7,0
5,top,3,0
5,it's incredible,15,0
5,just the best,13,0
4,great application,17,0
5,"it's good, easy access",22,0
5,very easy to use and handy for transferring money over,54,0
5,"easy, transparent and fast",26,0
4,i like the app but i wish using my rev points was simpler. and perhaps add a few more options to spend them at.,111,0
5,c'est super rapide,18,0
5,satisfactory,12,0
5,around 5 years experience with revolut i don't think you can find better bank app!,82,0
5,i have used revolut for years. it's so handy for all needs travelling and also great for investing and crypto.,110,0
5,very easy 👌,11,0
5,"for payments excellent, did not try investment",46,0
5,very good,9,0
5,"so far revolut is working well for me, after yrs with an post which regularly had issues, i took the leap and haven't looked back, i particularly like the wallets and you can also save earning a small amount of interest daily.",226,0
1,awful bank and app,18,1
5,reliable,8,0
5,"it's simple, fast and reliable. most of the time, there are 0 fees on transactions or conversions. it's amazing. highly recomend it.",132,0
5,"fraudulently stealing your money, making you to take larger number of photos for verification of some issue they find in crypto transaction, their issue remember it's not in terms and conditions specified for this specific issue, because of their inability to solve a situation or maybe bad communication inside, either way i will never change my rating.",354,0
5,good,4,0
5,great,5,0
5,"excellent app, makes payment easy and managing accounts simple",62,0
5,super,5,0
1,"debited my account even though tap n pay transaction was not authorizedby me, used my phone on the bus via the a buy n go app on my phone but the tap n pay on the bus opened my phone wallet (even though i had a valid qr bus ticket have the proof) when they tried after 2 more times of revolut declining the 3rd attempt was allowed now i have a negative balance revolut won't dishonor, i will be closing my account( i've been a member for years,1st time asking for help no loyalty to there customers)",499,1
5,moving money has never been easier. thanks for the low fee and ui. awesome experience,85,0
5,nice and easy to use,20,0
5,good app.,9,0
5,"very easy to use and flexible, customer-oriented.",49,0
5,cool,4,0
5,excellent ease of setup 👌,25,0
5,perfect,7,0
5,revolut app is easy to use,26,0
5,so far so good,14,0
5,good,4,0
5,best app ever,13,0
5,the most useful app i ever used.,32,0
5,it works and that's all i ask for banking apps.,47,0
5,waiting list for 3 years,24,0
5,"amazing so handy in general, bonus amazing for children you can see where the money is spent and can top up easily not to mention amazing currency exchange rates.",162,0
5,"i like it ,so easy to use",25,0
5,excellent services,18,0
5,i am using this app smoothly and no lagging,43,0
5,"revolut is ideal for frequent travelers, expats,and users managing global finances,while it lags in local myr support and has occasional service issues,its speed,cost and all in one tools make it strong alternative to traditional banks",235,0
5,👌👌,2,0
5,is one of the best finance banking more high security. save to use with for finance transaction....with control operation in the world .it make your life easier.,161,0
5,easy to use,11,0
5,best online banking. bar none.,30,0
5,excellent app,13,0
5,excellent application with good ui.,35,0
5,very useful for my exchange programme!,38,0
5,great,5,0
5,perfect,7,0
5,great,5,0
1,"muy mala experiencia, más de 2 semanas esperando a que llegue la tarjeta física y solo te dicen paciencia paciencia, uno la pide porque la va a ocupar , mejor con esto me voy a otras aplicaciones que resuelven más rápido. no pierdan su tiempo con la aplicación y busquen otras alternativas.",290,1
5,awesome app,11,0
5,love it,7,0
5,5 star,6,0
1,i opened my revolut account when i was in netherlands. i am a student and moved to another eu country completely so my visa changes and residence too. now the account is no longer working and said i need to close this and open an account for this new country. is this really necessary ? so everytime i move i've to open a new account? what's there to be international system?,375,1
5,cool user experience props for the devs :),42,0
1,can't buy bitcoin because the app is glitched. customer service don't know anything and waste your time for hours. customer service just closed my chat without resolving my issue. avoid for anything crypto.,206,1
5,very good user friendly app,27,0
5,great mobile banking experience. intuitive user interface design.,65,0
5,amazing all the time❣,21,0
5,lifesaver!,10,0
5,i just got it and i like it,27,0
5,vrings convenience and excellent functionality,46,0
4,great app. working well for me and i love the money tips on saving,66,0
4,"hasta ahora muy bien, pero la he usado sólo unos días, como sugerencia, al abrir la app, sería bueno que hubiera alguna indicación de que está cargando, porque sólo aparecen pantallas estáticas que dan la impresión de que la app se trabó",237,0
4,5 stars if you add it for people living in georgia to use as well 🇬🇪🇬🇪🇬🇪,72,0
5,great for fast transactions with people i know,46,0
4,"the app is smooth and easy to use, but the messages and ads are annoying... the last thing i want is a banking app pushing daily ads on me with no way to turn them off...",170,0
5,very good,9,0
5,great,5,0
5,can't find the 6 star...this application is a must.,51,0
5,great app,9,0
5,"great app, works really well",28,0
5,so far so good,14,0
5,love it,7,0
5,it helps me manage my finances more efficiently.,48,0
5,"great app, easy and seamless to use.",36,0
4,it is appreciated,17,0
5,"best banking app ever, easy to use and no fees i love it asf<3",62,0
4,very good,9,0
1,doesn't work well. problems abound always. current worst one is they are going to block our account soon if i don't enter my social security number on the tax status page. that page doesn't function and they don't care. they keep sending drmands that i give them thr info that their app cannot function to collect. no customer service to help. ai customer service/support. they even ai responded to this review with a lie about chat help that doesn't actually exist in the app.,477,1
4,не всегда могу задонатить деньги с револют,42,0
5,very good,9,0
5,eċċellenti!,11,0
5,the best bank ever,18,0
5,perfect,7,0
5,very 👍 good service!!!,22,0
5,best banking app ever. please start operating in canada 🇨🇦,58,0
1,i had bad experience with the app it showing your account will be ready soon but still not get my account ready till now i am unable to open the app i have applied for the account whet it is launched in india for the first time at launch event 😡😡🤬🤬,248,1
1,horrible,8,1
5,i love it 4 years yousing it ♥️😍,32,0
5,makes me happy i like money,27,0
3,good app,8,0
1,"revolut will restrict my account while i’m legally waiting for my aima residence appointment. my visa had an appointment printed and it was later officially rescheduled by email several times. support asked for these proofs, then rejected them and refused escalation. support seemed unfamiliar with the documents they requested. they are asking for ( recibo comprovativo de pedido de residencia) while that document is only given after i apply for residency. kyc workflow doesn't cover all cases..",497,1
4,good for traveling,18,0
5,great stuff,11,0
5,i lived in china as well as germany and france and i had no trouble using it. i recommend,89,0
5,cant travel without it,22,0
5,it's amazing you can split your bills in different pots it's brilliant to keep track how much your behind o infront,115,0
4,trusted,7,0
5,great. no issues so far.,24,0
5,recommended,11,0
1,very bad customer service. they are not that much professional.,63,1
5,always convenient and excellent,31,0
3,not always easy to use especially uploading your identy passport etc.,69,0
5,best app,8,0
5,the best application for saving and dealing with money,54,0
5,so far very easy and i like the revolut approach. i don't use it as my main account though but i enjoy the easy options to include your kids and the option to change currency is second to none.,193,0
5,"works fine, so far so good 👍🏻",29,0
5,"no ads cause they use your money, obviously 😌. nevertheless, a smooth, nice experience.",87,0
5,good,4,0
5,ux sux more and more.,21,0
5,"wow! it's amazing how it has developed since the first time i started using it years back. the speed, the quality of service and new updates makes your life easy. i would have given it 10 if it was possible.",207,0
5,good,4,0
5,"goat, top tier user support and no ads. i love you🥰",51,0
5,1. atm - withdrawal free of charge up to 200€ 2. worry free for online payments of all sorts,92,0
5,very satisfying to use.,23,0
4,absolutely rubbish ..i cannot get registered for revolut ..keep being told sorry something went wrong please try later ...i have reinstalled ..forced stop ..still no joy 🙄🙃 got this problem sorted eventually..and absolutely love revolut now !,242,0
5,"fantastic digital banking app with useful budgeting tools, virtual cards, and smooth international payments.",108,0
1,"⛔bug: 30 fps when animated themes are selected + ignoring my ticket about this issue. apart from that, this is hands down one, if not the best banking app in the store",167,1
5,very convenient ☺️,18,0
5,simple easy and enjoyable. makes my money feel like it's my money.,66,0
5,"a lot of interesting functions, not only for the account holder, but also for children and life partner.",104,0
5,"its just like a bank without the hassle and with better ui. its much better alternative for freelancers to get paid compared to paypal, great for sending money to friends(arrives instantly) and i use it for investing too. (although their investing fees are sub-par)",265,0
5,top app,7,0
5,"my primary banking app. says it all, really",43,0
5,good,4,0
5,it is such a pain to have to add someone as a contact in order to send them money.,82,0
5,"top. trade republic sucks, instead. if you are in doubt, choose revolut",71,0
5,revolut is a great choice for those seeking a centralized app to manage many of their finances. provides atm access and atm card. currency exchange feature. ability to send and receive money in 25+ currencies with no fees.,222,0
5,"best bank, lots of options for investements, savings, the plans are really worth it too! i have just metal for now and am considering upgrading to ultra. if you travel a lot there is also many benefits.",202,0
5,works smoothly and conveniently,31,0
5,very easy to use,16,0
5,very detailed for every need,28,0
5,exceptional services,20,0
5,good if i need loan need another bank so sometime think its no good,67,0
5,easy to use,11,0
5,great app to use,16,0
5,quick easy just what i need,27,0
5,"nice app, pretty stable and ready to use.",41,0
5,good,4,0
5,very good,9,0
5,"don't really like the new way of adding money from my bank account, old way was much more easy?",95,0
5,efficient no problem app,24,0
4,good,4,0
5,it's serve his purpose very well,32,0
5,had very nice experience since using it,39,0
5,great bank and service,22,0
5,excellent value for money. lots of extras.,42,0
5,amazing,7,0
5,fantastic,9,0
5,just amazing!,13,0
5,very easy and excellent,23,0
5,berry easy to use for foreign currency,38,0
5,easy to do whatever you want 😉,30,0
5,top,3,0
5,perfect,7,0
5,много удобно,12,0
5,excellent money management,26,0
5,"great features. digital bank means things happen in seconds, not days. the app is a bit busy looking, but once you used to it it's got all the features and you can ignore the rest. no ads or other noise which i like. i recommend",228,0
5,"best account in the world 🌎 you just got to read, and you will understand it. there is everything like a bank.",110,0
5,when i ask for refund i get it and this is awesome,50,0
5,the support team is very helpful and responsive. the app and the services i have received are great. i can't recommend it enough.,129,0
3,"very good app, crypto rates suck",32,0
5,reliable service,16,0
5,nice app,8,0
1,"update- i've sent a private message via facebook, but unfortunately, i was replied to in french and now no reply! opened an account, and i was then informed that my account would be closed. now i can not log back in! cannot talk via the chat as you need to be logged in. terrible customer service. i'd love to close my account and have my finds transferred to my bank account. but they make this impossible by not being contactable! poor company! shower of thieves!",465,1
5,good,4,0
5,very nice,9,0
5,"was difficult with making my account to begin with but it was an understandable issue, but definitely recommend. give stars from me",131,0
5,me encanta la opción de cambiar las divisas,43,0
5,great for kids plus no monthly fee,34,0
4,fun,3,0
5,faster and smoothly working.,28,0
4,great,5,0
5,"wonderful app,works well, handy for travelling, very secured",60,0
5,dissapointed,12,0
5,very useful to pay everywhere card payment is accepted. easy to top up. nice that you can block fraud merchants.,112,0
5,one of the best if not the banking app. packed full of useful features and high quality customer service,104,0
5,perfect,7,0
5,best!,5,0
5,i like this one to because i do bitcoin,39,0
1,i don't have a passport or driving licence to open an account and i can't contact you by phone. what do i do?,109,1
5,best banking app best support team on the planet,48,0
5,great,5,0
5,it's secure,11,0
5,easy and fast for every payment 🌟,33,0
5,"very good, easy way to manage money and using it for my daughter's pocket money also which she loves",100,0
2,"it's ok until it's not. once something happens like you need to change a name or funds get frozen they either can't do anything about it or take months to help. customer support is just an ai bot, that argues with you that it's useful instead of helping",253,1
5,"nice app, where local banks are doing not smart stuff (i'm looking at you, raipay), revolut supports google pay",111,0
1,terrible. can't even scan my id bcs of how laggy it is.,55,1
5,excellent & amazing!,20,0
5,good choice,11,0
5,good and best 👌 app,19,0
5,very nice and reliable,22,0
5,does what's expected,20,0
5,amazing,7,0
5,still good!,11,0
5,nice,4,0
5,it's wonderful,14,0
5,"it's a bank app, it's nothing special but it does it's job correctly, no adds. pretty good, all love",100,0
5,absolute pleasure with many more benefits and options than any other bank. by a long shot!!,91,0
5,"this app is the most wonderful bank app i have ever used, very easy to operate and instructions are very clear. i love this app",127,0
5,"it's a place where you can do business without any stresses questions, and a very easy world for everyone",105,0
5,i love that my money shows up 2 days early. and that i can setup a automatic savings.,85,0
5,this app has worked perfectly for me so far. i love its features and the customization options. i hope it exceeds my expectations and doesn't let me down.,154,0
5,nice platform so far i haven't used it except for one purchase. using it as a foreigner it's been great,103,0
5,really works well for what it is. became my main app for investing due its simplicity. support agents and chatbot are very usefull and effective,144,0
5,it works great. fastest way to onramp,37,0
1,literally the worst bank ever. i havenever come across a bank who puts up so many obstacles to you accessing your own money,123,1
5,the banking app i needed,24,0
5,useful and mostly very intuitive. the invest and crypto sections have tutorials to ensure people at least have a vague idea of what they're doing.,146,0
5,simple to use,13,0
5,easy to use and makes things more convenient.,45,0
5,very clean and easy to use app. i use it for almost all transactions whenever possible now.,91,0
5,"had my card for over 6 months, and really pleased with the ease it works - loading uk money, transferring (""moving"") from £ to €, and spending. all easy to achieve... and very quick.",182,0
5,"i am loving it, this is so simple to apply and use, highly recommended",70,0
4,excellent for travel purposes.,30,0
5,super! 5 star :),16,0
5,lovely. making my life easier.,30,0
5,very happy revolut got a refund for me from a local trader who refused to refund me from a cancelled order.,107,0
5,best app,8,0
5,nice and easy banking,21,0
3,revulut has one downfall it does not include anpost bank which is an irish government bank but i am happy with revulut,118,0
5,"excellent app, high end quality",31,0
5,amazing,7,0
1,i am the victim of a possible identity theft on revolut,55,1
1,"the most important function on this app is the hardest thing to do: transferring money. you can't just enter an amount, name and bank account number and press send. it appears they want to harvest data (i'm not giving access to my contacts). you are obligated to add a recipient which consists of filling out a form in the app. it's an extra unnecessary cumbersome step that just frustrates. for this reason it's unusable to me. the key feature (sending money) is the most user unfriendly. bad ux/ui",499,1
5,"easy to use, not complicated at all.",36,0
5,exceptional facilities,22,0
5,great,5,0
5,excellent,9,0
4,great app,9,0
5,seemless.....,13,0
5,awesome 👍,9,0
3,"good overall service, but full of supposedly free trials, and then you find out that you're trapped in a paid three-month service.",130,0
5,very good app,13,0
5,so useful for overseas travel,29,0
5,"the best app for financial, ever. period.",41,0
5,sublime,7,0
5,"cheap and easy fiat currency exchange and transfers. -⭐ low volume (less than 3€) crypto exchange fee is 50%!!! and for larger amounts the fee starts at 1,5%. i don't recommend revolut for crypto. +⭐ 4sec app launch",215,0
5,"the transaction are very quick, compare with others bank",56,0
5,it's great but now they want a document i don't have so dunno,61,0
5,"nice app, works well, love the single use cards",47,0
5,simple and powerful,19,0
5,see ya nordea,13,0
5,"well done, well done.",21,0
5,best bank app in europe),24,0
5,great,5,0
5,krézi,5,0
5,just great,10,0
5,great,5,0
5,very helpful 😃,14,0
4,great functionality,19,0
5,"easy to manage budget, cards and split bills. necessary documents are easily accessible too.",92,0
5,i like it,9,0
5,easy to send money,18,0
5,odlicna usluga!,15,0
5,excellent experience,20,0
5,perfect bank and reliable.,26,0
1,terrible is supporting you in frauds. they took money for a transfer and when failed they did not refund their processing fee (for a service not provided lol),158,1
5,great for international travel,30,0
5,professional service,20,0
5,really helpful easy spp,23,0
4,"used to be great, but don't use it for fx, its hidden fees are way too high",75,0
5,great app very useful,21,0
5,"works exactly as i expect. making money transferring between family and friends and business, easy game!",104,0
5,absolutely amazing app always enjoy service and security.,57,0
5,"had issues entering my acc - very difficult process if you forget your password or email - you spin in circles for literally days. but somehow i managed to get tech support which is also very difficult to access as you need an email ( surprise if you forgot it!), but at the end i finally gained entry and haven't had issues since.",331,0
5,wonderful app,13,0
5,very useful service and great security features,47,0
5,sweet,5,0
5,"revolut has completely changed the way i manage my money! the app is sleek, intuitive, and packed with useful features like instant global transfers, currency exchange at great rates, budgeting tools, and even cryptocurrency support.",233,0
5,best,4,0
5,works as intended 👌,19,0
5,"so far its been a good way for banking , its definitely a way to learn stock trade , its a all around good product, app,",120,0
5,"one of my main banks, absolutely love it",40,0
5,very good,9,0
5,"just a nice banking app, shame there's no credit card 💳 available, but otherwise is a fantastic debit card service",114,0
5,"it's fantastic works everywhere fast and effortless,and its as handy as a small hammer 🔨",88,0
5,😘,1,0
5,"finding it the most convenient bank to use ,great service glad i changed bank",77,0
5,good 👍,6,0
5,super,5,0
5,great!,6,0
5,"easy to use , very practical, no problem to put money in and access everywhere to pay with",90,0
5,excellent so far,16,0
5,very good online banking,24,0
5,great app,9,0
5,"multe opțiuni, oferte și promoții.",34,0
1,"my worst banking experience ever! be prepared to lose brain cells, integrity, sanity and hope dealing with this place! this is one app/company i'm so glad to get away from. there were x2 great parts about revolut tbh. initially finding them (thought they seemed great) clever marketing. then closing my account four days later! awful....!",338,1
5,"still really good after 2 years, no fees at all",47,0
5,good,4,0
5,good,4,0
5,revolut is my daily payment option. it's also very helpful for travel currency exchange.,88,0
5,delighted with it,17,0
5,very good 👍👍👍😊😊😊😊😊,18,0
4,good,4,0
5,all in one,10,0
5,it's just so easy to use.,25,0
5,best and smooth,15,0
5,best,4,0
5,"i have been using revolut for a while now. i know exactly what is going out of my account and when, i get an overview of my account every time i open the app. revolut points are an extra bonus! very happy.",205,0
5,excellent,9,0
5,just excellent! i discover new useful facilities.,49,0
5,very easy to use,16,0
5,super easy to use,17,0
5,it is realible,14,0
1,very bad.,9,1
5,top notch,9,0
4,i like it.,10,0
5,"excelent, no complaints!",24,0
5,great app! love it!,19,0
2,exchanged my btc to eur without saying anything..,49,1
5,"please next time you write ""improvement"" please check the definition of that word in the dictionary.i didn't see any improvements in your last email",148,0
5,great app experience,20,0
5,really good 👍,13,0
3,they are doing too much with the app,36,0
5,excellent to be able to use anywhere hassle free,48,0
5,perfect!!,9,0
5,amazing and comfortable,23,0
5,great 😃👍 experience excellent service app,41,0
5,satisfying and great help,25,0
5,very advanced,13,0
1,libya isn't listed,18,1
5,great,5,0
5,"great app, great interface, fast transactions!",46,0
5,"better travel partner than my fiancé, and he's an excellent travel partner mind you",83,0
5,"i recommend revolut 100000000000000000%, superb banking and banking app. easy use and access to high quality services around the world. congratulations and we're together. ❤️❤️❤️❤️❤️❤️❤️❤️❤️❤️❤️",194,0
5,awesome,7,0
5,great,5,0
5,i like the app.. so far so good. no problem with it for me now.,63,0
5,great,5,0
5,brilliant app for banking and holidays,38,0
5,excellent!,10,0
5,very easy to use and helpful with my finances,45,0
2,"awful, my profile is requested to be updated, but inadequacy of app it doesn't allow me to do this and no doubt talking to someone in this instance would prove a bonus. oh well!!!!!",181,1
1,unhelpful and unreasonable customer service.,44,1
5,"good app, but the fee is high.",30,0
5,"up to now, i am enjoying it.",28,0
5,very happy and satisfied. many thanks.,38,0
5,no fuss transactions every time,31,0
5,love revolut. so good when travelling,37,0
5,so handy,8,0
5,very easy to use,16,0
5,love it,7,0
5,"brilliant service, easy to use",30,0
5,easy to navigate banking,24,0
5,nice bank for travel. great ux/ui,33,0
5,good,4,0
5,it gets complicated but it has all the great features a classic bank app cannot even think of. great job!,105,0
4,so handy,8,0
5,everything works flawlesly. extaordinary what all features are included in free tier.,85,0
5,great option to start investing,31,0
5,excellent,9,0
4,very easy to navigate around and very insightful in terms of income and expenditure.,84,0
5,good and features rich digital bank. of the mid plans would be a bit cheaper i'd definitely go for that!,104,0
1,impossible to close account,27,1
5,great app easy to use,21,0
5,the best !!,11,0
5,"so far this version works perfecto! great features/settings, rather easy to use, once you know where this are, and the basics right there on the home screen.",157,0
5,very happy,10,0
5,very efficient way to pay. excellent service.,45,0
5,great experience!,17,0
1,"always having problems with revolut (money transfer, payments, revolut app).",76,1
5,the best,8,0
5,smashing,8,0
5,love it,7,0
4,very good,9,0
5,excellent,9,0
5,is the best bank highly recommend,33,0
1,i don't like it,15,1
5,great option for managing your money,36,0
5,i use it for giving my daughter dinner money for school lunches.,64,0
5,"this is my favorite bank, and i've never regretted registering and downloading the app. it's very convenient, the support team answers all my questions, and everything is great. i recommend it to everyone.",205,0
5,this app is easy to use and good for managing money digitally,61,0
5,"the best online bank, fast resolving problems.",46,0
5,very fast and helpful,21,0
5,good application,16,0
5,very nice & cool,16,0
1,at first ok but then issues with app and spurious messages came. when i raised with support they went round in circles wasting hours and never understanding what was essentially a bug with their software. as a result i have no confidence in this app or support. it felt like i was dealing with a hacker as they just tailored a response to my specific words each time instead of understanding that thier system was sending me messages for functionality which was meant to be in test only.,487,1
1,"awful. used to be great but now although security is of course important, trying to take my money out became a massive ordeal. this was raised several times in the in app chat, which was a further frustration as they clearly deal with more than one person. i have raised a complaint so hopefully it will be actioned as this details the 2 days of delays and constant requests for more information. it was like dealing with columbo, ""just one more question""! i would put your money elsewhere.",490,1
5,seamless! best banking app i've ever used.,42,0
1,"be careful, they assume that you are always aware of their in-app messages and e-mails and they decide to take actions on your portfolios without your consent.",159,1
5,"easy to use, practical and simple ui",36,0
5,easy!,5,0
5,instant service .security great .,33,0
5,smooth app,10,0
5,it is super easy and very good to use,37,0
5,works well,10,0
4,i have been with revolut for six weeks now & in that time have had multiple issues they have promised to resolve but as yet not. i am still waiting for my balance to be corrected from a transaction not received by beneficiary over three weeks ago with zero initiated communication from consultants assuring me that i will be kept posted .,338,0
5,it's a really good app,22,0
5,useful app for traveling,24,0
5,easy to use.,12,0
4,awesome bank with easy transactions,35,0
5,great!,6,0
5,easy to use and quick with transactions,39,0
5,quick and easy app to use.,26,0
5,excellent ability to spot fake wesite and decline transactions which helps reduce fraud.,88,0
5,love it,7,0
5,very helpful,12,0
5,"fast, convenient transactions",29,0
5,the best,8,0
5,great!,6,0
5,gg wp revolut developers,24,0
5,"excellent, best banking app",27,0
5,superb app,10,0
5,revolut offers excellent digital banking services. budgeting tools and multi currency features are highly appreciated by users.,127,0
5,excellent service very fast !,29,0
4,good,4,0
5,easy to use once you get going and so helpful to have,53,0
4,nice,4,0
5,using it as a main shared account and not looked back,53,0
5,"very easy to use, reliable and makes traveling worry free",57,0
5,very easy to handle payments and transfers.,43,0
5,always works. no hiccups. great,31,0
5,"super easy, super usefull for those who has to use multi-currency regularly",75,0
5,nice,4,0
4,good except for fee atm,23,0
5,very fast and useful to have sub account for children,53,0
5,i love the security and ease of revolut,39,0
5,easiest and most usfull banking app i've ever used,50,0
5,great experience,16,0
5,it's what internet banking should be!,37,0
5,excellent,9,0
5,"only activation needs more docs, as just landed in a new country only passport and visa should be asked",103,0
5,great app with good services,28,0
1,just can not verify the app and it's taken payment twice,56,1
5,excellent t,11,0
5,very great,10,0
5,it just works,13,0
5,everything is fine and works well,33,0
5,"brilliant, absolutely brilliant",31,0
5,great service all day everyday,30,0
5,really good bank nothing else much to say,41,0
4,is excellent,12,0
5,great bank,10,0
5,good,4,0
5,amazing,7,0
5,quick easy transactions...instantly visable,43,0
5,great product never had a problem with any function!,52,0
5,great app,9,0
5,good good,9,0
5,i've been very long time never had issues,41,0
5,satisfied long time user 🫶🏼,27,0
5,was easy to use whilst abroad,29,0
5,great process and so much you can do on the app from banking to crypto truly happy with getting an account,106,0
4,very good. 😊,12,0
5,excellent,9,0
5,great app. very easy to use.,28,0
5,perfect great multi currency account. i also use revolut business for my company. it makes thing stress free using their banking system.,136,0
5,very convenient to use. loving it,33,0
5,fast and reliable,17,0
5,easy to transfer money.,23,0
1,"in loc sa se faca automat transferul,dureaza 2 3 zile",53,1
5,best banking app ever. ff magŕoņ hqhq 33,40,0
5,superb app for finances,23,0
5,about to use it rn,18,0
5,nice application,16,0
5,very good app,13,0
5,"reliable, fast, easy to use",27,0
5,excellent banking experience! account was easy to open and has worked at every vendor i've used.,96,0
5,very useful,11,0
5,love this app. revolut is great,31,0
5,i think this is the best revolut is easy to use for me and easy to control my spending on a budget like how much i spend .so much control thanks revolut ...,156,0
5,this is the best.,17,0
5,excellent card for traveling,28,0
5,easy and reliable app,21,0
5,quick easy transfers with low fees if any at all.,49,0
5,easy and great fir travelling,29,0
4,easy to set up,14,0
5,good,4,0
5,"so easy, perfect when travelling 👌",34,0
5,fast and effective,18,0
5,very easy to use,16,0
5,app works perfectly a d would recomend opening revolut bank to anyone fantastic customer service whilst offering and number of service and packages that can make life go more smoothly,183,0
4,"its a good app, works superb for moving money around when overseas for easy converting",86,0
5,great,5,0
4,"overall, pretty decent. i would have given 5 stars but it was difficult for a non revolut customer to send me funds. me sending the funds is easy enough. good luck in the 2026 f1 season!!",187,0
5,la mejor app bancaria por mucho,31,0
5,easy to navigate,16,0
5,"solid app, comparable to cash app, certain things are even better",65,0
5,the best option to send money abroad,36,0
5,всё отлично,11,0
5,best,4,0
5,"easy to set-up, easy iban transfert",35,0
4,it does what it says a little clunky thou,41,0
5,very lovely app,15,0
5,very nice,9,0
5,fantastic,9,0
5,excellent 👍🏻,12,0
4,fantastic app. just fantastic,29,0
5,it's a really good bank,23,0
4,nice(maybe),11,0
4,happy,5,0
5,been using it since 2 years and i am satisfied with it,54,0
5,fee free international payments and dead easy to setup. i saved a fortune on road tolls in greece by using google pay with my virtual revolut card. set it all up while out there in about 20 minutes. how banking should be.,221,0
5,fast pay,8,0
5,really usefull and convenient.,30,0
5,the app closes on android when i set a crypto price alert.,58,0
5,very nice,9,0
5,trusted.,8,0
5,wooow,5,0
5,"easy to use, great for sending money to friends and family and great for saving for the kids.",93,0
5,👍🏻,2,0
5,by far the best banking experience,34,0
5,it's just the best,18,0
5,the most modern bank in my country with the lowest fees.,56,0
5,super smooth,12,0
5,i really love revolut. the only thing that completely annoys me is that blocked contacts appear in the suggestion list. would be nice to edit the list by yourself!,163,0
4,"revolute seems to be widely used and trusted, creating a strong base for trading and payments. as a relatively new system, you seem to reinvest some of your revenue into updating and maintaining a high level of security and research. thank you for that. unfortunately, i had a dreadful experience some years ago through aib bank. (allied irish bank). even if i were still married and living happily with my husband, it should never ever have happened. i was in hospital, quite unwell, cont'd below.",498,0
5,it's all you need to manage your money.,39,0
5,very like this app😘😘😘😍😍😍 100%,29,0
5,very good experience,20,0
5,i still haven't received my card i've had and use the app over a year now can i get a card and pay when i put money on it to activate the card standard one i love revalut it's easy and simple to use i love it and recommend it to anyone who buys stuff clothes or whatever on line it's great app,293,0
5,"8 years with revolut, from small fintech to real bank, but always top 🔝",71,0
5,works well for me and what i use it for no complaints apart from the charges withdrawing my cash,96,0
4,flagged a monthly subscription as risky???? after 8 months???? be serious!!!!,77,0
5,great,5,0
3,so far so good,14,0
5,excellent app and service. highly recommend,43,0
5,really like revolut,19,0
5,excellent,9,0
5,"great payment app, especially for children",42,0
3,not bad,7,0
1,"absolutely trash. tried to sign up but always unable to authenticate. used all the id that i have still the same. contacted their support and muhammad doesn't seems to be reading the emails and asking irrelevant things and questions that has no context. like"" can you please provide us with "". i mean what do you want me to provide? do you think i can read your mind? what a circus.",382,1
5,helpfull 😊,10,0
5,"i use revolut for everything, i only had great experiences. from savings to one-use cards, i love every option they provide.",124,0
5,"all good, highly recommend it!",30,0
1,move the exchange back to where it was.,39,1
5,great app. thanks,17,0
5,seamless experience with revolut so far,39,0
1,completed the invite friends to revolut a few times and every single time i got the minimum reward. 0/10 never invite your friends to revolut they take more money by making them order a card than they give you.,210,1
5,good working...i like it,24,0
5,great,5,0
5,"best bank period. get it if you can, service is exceptional as well.",68,0
5,very good app,13,0
1,closing an account without any detailed explanation without any illegal user activity.,86,1
5,it's quick and easy.,20,0
5,buena app,9,0
5,good,4,0
5,excelent,8,0
5,👍,1,0
5,good! meeting up with the global customer service demand.,57,0
5,they have been amazing dealing with especially after i was scammed.,67,0
5,love it,7,0
5,easy,4,0
5,"working great for over a year, better than monzo functionally etc",65,0
5,wow better,10,0
5,i use revolut for my everyday finances and find jf excellent,60,0
4,the best app ever,17,0
5,good,4,0
5,easy work with the app!,23,0
5,i enjoy using this app,22,0
5,"good app,! 👍😁",13,0
5,ok 👌,4,0
5,great bank and intuitive app,28,0
5,perfect for daily needs.,24,0
5,great,5,0
5,love it,7,0
5,this app is so cool. works great,32,0
5,this app is very handy i do all bill paying & banking transactions it's fast and efficient.,91,0
1,"unsafe! started blocking custom roms. so it's totally ok to run a proprietary android from a chinese manufacturer with security patch 2020, but it's an issue to run a highly secure foss android with security patch february 2026. will switch bank, as will most of my friends!",274,1
5,it's brilliant and very user friendly,37,0
5,easy to navigate. vaults are a great idea.,42,0
5,super easy to use. love it,26,0
5,"what can i say, i was hesitant at first and dont think i'll ever be used to a cash withdrawal limit. but the perks such as travel insurance and airport lounges with the ease of currency transfer. i couldn't be happier",217,0
5,the best,8,0
1,"keep being declined to open. they haven't answered my emails or support tickets for almost a month now. edit: whats wrong with the emails and support tickets i've already sent you, several, almost a month ago? in fact i don't have the energy to write yet another, they were long and i had to write several since you never answered!",331,1
5,"excellent , no fuss, service. funds if, where, and when you need them",69,0
1,i am unable to open account because it keeps asking for my tax id. i recently came to germany so i don't have one yet i need a bank account.,140,1
5,brilliant.i have grandchildren and i send them money through revolot,68,0
5,most secure mobile bank i've ever used.,39,0
5,"very practical, easy & convenient to use. i'm pleased with the service",70,0
2,im not recieving any emails which makes ot complicated to login,63,1
1,"this is a useless bank, they can't help you to retrieve funds which were fallen into the wrong account.. the account number was not matching the account name. relovut could not pick that up.. those who think this is a good online bank, wait until to get issues which need solving that when you face the music..",310,1
5,good service.,13,0
5,i have been using revolut for a couple of years now. i can't recommend it enough. it has help me manage my finances.... send and recieve money in different currencies with ease. also earning rev points with every purchase has allowed me yo use those points towards hotel stays and flights.,289,0
5,best bank out there.,20,0
5,i'd like a more clear way on data usage. the app is the best i've seen so far,77,0
5,so easy to use,14,0
5,great multi currency accounts for travellers!! makes life so much easier skipping between countries. but... enhancement request - get taiwanese dollars and malaysian ringgit on to our list of available currency accounts in australia!,233,0
5,good security,13,0
4,perfect for me 😊,16,0
5,top,3,0
5,nomber one bank,15,0
3,"i had to reduce the number of stars as since last october 2025 because the possibility of leaving a note for each transaction has been eliminated. the note taking is important as it will remind me (especially after some time had passed) what had been bought or paid for, thus helping me to keep track of my expenses and reduce the possibility of being scammed. please insert the note taking again.",397,0
5,been a long time user of revolut and never had any issues with their services and they've fulfilled their promises/services to me during my time.,145,0
5,a great new style of paying. very handy for sharing costs,57,0
5,very good online bank,21,0
5,"its safe, quick to process transaction!",39,0
5,"very smooth if you are moving to a new place, i was unsure of what to do once i moved to a new country because registering with their banks was so tiresome, but for revolut it was quick and easy",194,0
5,proving it potentials day by day,32,0
4,i had difficulty with my account last week. it has been resolved,64,0
5,great app,9,0
5,best and amazing app quality services,37,0
5,la migliore banca al mondo,26,0
5,beats all croatian banks :),27,0
5,this is good,12,0
5,handy and quick to transfer money,33,0
5,"great bank, i use it for everything is beyond fast and i never have a problem, everything is so user-friendly you will never want to use another app.",149,0
5,"great app, i use it a lot. all my online shopping goes through revolut. it has many useful features!",100,0
5,great app,9,0
5,"great app, great service. i love revolt. it makes banking so easy",65,0
5,great experience so far,23,0
5,love it!!!,10,0
5,great but lately the transfers arent as quick,45,0
4,love this way of banking... stress free .easy for transfers with friends,72,0
5,"revolut apps that can manage your saving and finical, you can also create your own business account through revolut such a good platform.",137,0
5,all i can say it's perfect for now we'll see if this rating will change,71,0
5,very easy and fast to work,26,0
5,freaking amazing banking app... from debt n savings accounts to investment with help doing it.. to buying foreign currency to p2p with no fees.. my favorite part tho is the customizable back groundground...,206,0
5,best banking application in europe,34,0
5,whole service available is great n fast tbh,43,0
5,love it,7,0
5,very handy and fully functional even at the standard plan!,58,0
5,simply excellent cannot do without it!,38,0
5,very helpful,12,0
4,"the app is fantastic. just be careful to make use of the button ""block future payments"" on bolt and uber because they have the habit to withdraw money twice for the same ride.",175,0
5,"cea mai bună banca, civilizata. a revoluționat și civilizat celelalte bănci, care au copiat diverse.",100,0
1,unable to log at all after this week's update,45,1
5,great banking app 💯,19,0
5,good bank,9,0
1,i needed a loan not pre paid,28,1
5,"revolut is an alternative to the big banks. think instant spending notifications, built-in budgeting, cryptocurrencies and the ability to spend and transfer money globally with the real exchange rate.",200,0
5,"so far, soooo good!!",20,0
5,"works great when traveling, so quick and easy.",46,0
5,"great way to manage your local banking, multiple currencies, shares, crypto, all in one place, with real and disposable visa and mastercards, payid all within easy access. the exchange rate for foreign currency is good but for large amounts you should compare.",260,0
5,really good and very user friendly with lots of features,56,0
5,quick fast and easy to manage. all from the finger tip. not too sure about others. but helpful with have kids who needs extra cash when needed.,143,0
5,love it,7,0
5,cool app.,9,0
5,very good. easy to use and helpful.,35,0
5,"it works for me alright, thanks 👍",33,0
5,fast secure and reliable,24,0
5,"a simple and easy to use app and a good banking service, (would be well cool if they let you customise your card a bit more tho)",128,0
5,great !,7,0
5,it's an amazing just give it a try.,35,0
5,"i really enjoy revolute, it's very user friendly and just feels smooth. great banking app. also, any problems i have had have been fixed quickly as they have the option to chat.",177,0
5,very good for my,16,0
